agent_id,agent_name,branch,experience_years,designation
1,Henry Raju,Anna Nagar,12,Senior Agent
2,Zayan Kala,Anna Nagar,8,Senior Agent
3,Ria Kumer,Anna Nagar,10,Senior Agent
4,Henry Bhagat,Anna Nagar,10,Senior Agent
5,Upkaar Raju,Anna Nagar,7,Senior Agent
6,Mugdha Bala,Anna Nagar,1,Junior Agent
7,Tanay Issac,Anna Nagar,8,Senior Agent
8,Omisha Banik,Anna Nagar,3,Junior Agent
9,Vansha Deep,Anna Nagar,1,Junior Agent
10,Nilima Gole,Anna Nagar,6,Agent
11,Divya Yohannan,Velachery,4,Agent
12,Yochana Korpal,Velachery,1,Junior Agent
13,Advika Ramesh,Velachery,6,Agent
14,Warhi Nair,Velachery,7,Senior Agent
15,Jack Jain,Velachery,2,Junior Agent
16,Amaira Chaudhari,Velachery,10,Senior Agent
17,Yatin Bahri,Velachery,11,Senior Agent
18,Baghyawati Balay,Velachery,1,Junior Agent
19,Manthan Ramachandran,Velachery,7,Senior Agent
20,Harrison Borah,Velachery,3,Junior Agent
21,Onveer Iyengar,Velachery,2,Junior Agent
22,Amaira Kakar,Velachery,7,Senior Agent
23,Ekbal Bhasin,Tambaram,8,Senior Agent
24,Isha Singh,Tambaram,7,Senior Agent
25,Gaurang Seshadri,Tambaram,1,Junior Agent
26,Wriddhish Seth,Tambaram,2,Junior Agent
27,Saksham Varghese,Tambaram,3,Junior Agent
28,Ganga Chhabra,Tambaram,10,Senior Agent
29,Yashasvi Lala,Tambaram,3,Junior Agent
30,Vedhika Naik,Tambaram,1,Junior Agent
31,Baljiwan Uppal,Tambaram,8,Senior Agent
32,Vyanjana Nadig,Tambaram,10,Senior Agent
33,Kavya Anne,Porur,1,Junior Agent
34,Chameli Sarkar,Porur,7,Senior Agent
35,Viraj Sathe,Porur,12,Senior Agent
36,Samuel Sarma,Porur,6,Agent
37,Nirja Raghavan,Porur,8,Senior Agent
38,Hemangini Randhawa,Porur,3,Junior Agent
39,Garima Bhatti,Porur,6,Agent
40,Urvi Memon,Porur,3,Junior Agent
41,Maya Modi,Porur,8,Senior Agent
42,Luke Seth,Porur,5,Agent
43,Nakul Mukherjee,T Nagar,4,Agent
44,Bakhshi Mitter,T Nagar,9,Senior Agent
45,Hiral Choudhary,T Nagar,8,Senior Agent
46,Yatan Srinivasan,T Nagar,1,Junior Agent
47,Kalpit Shah,T Nagar,11,Senior Agent
48,Ayushman Seth,T Nagar,4,Agent
49,Neelima Chander,T Nagar,10,Senior Agent
50,Saksham Bora,T Nagar,4,Agent
51,Rachana Vaidya,T Nagar,3,Junior Agent
52,Qadim Bhavsar,T Nagar,11,Senior Agent
53,Yagnesh Chahal,Gandhipuram,4,Agent
54,Warhi Shanker,Gandhipuram,12,Senior Agent
55,Atharv Sharaf,Gandhipuram,1,Junior Agent
56,Warinder Nagarajan,Gandhipuram,7,Senior Agent
57,Indrajit Hari,Gandhipuram,12,Senior Agent
58,Rachit Bora,Gandhipuram,11,Senior Agent
59,Balhaar Batta,Gandhipuram,5,Agent
60,Joshua Chakraborty,Gandhipuram,2,Junior Agent
61,Fitan Parekh,Gandhipuram,3,Junior Agent
62,Tamanna Ramakrishnan,Gandhipuram,1,Junior Agent
63,Balveer Sem,Gandhipuram,2,Junior Agent
64,Pranav Gera,Gandhipuram,7,Senior Agent
65,Aarav Chaudhary,Gandhipuram,9,Senior Agent
66,Yutika Dash,Gandhipuram,5,Agent
67,Shivani Saran,RS Puram,2,Junior Agent
68,Xalak Dara,RS Puram,9,Senior Agent
69,Andrew Raval,RS Puram,5,Agent
70,Jatin Ram,RS Puram,2,Junior Agent
71,Dalbir Banik,RS Puram,10,Senior Agent
72,Faraj Dave,RS Puram,1,Junior Agent
73,Warhi Konda,RS Puram,4,Agent
74,Gunbir Dara,RS Puram,4,Agent
75,Yuvraj Dhar,Peelamedu,12,Senior Agent
76,Krishna Sengupta,Peelamedu,6,Agent
77,Nicholas Raval,Peelamedu,6,Agent
78,Oni Agrawal,Peelamedu,3,Junior Agent
79,Upma Viswanathan,Peelamedu,4,Agent
80,Shivansh Sankar,Peelamedu,1,Junior Agent
81,Anmol Sinha,Peelamedu,8,Senior Agent
82,Mohini Dada,Peelamedu,9,Senior Agent
83,Lohit Sem,Peelamedu,9,Senior Agent
84,Nisha Patla,Peelamedu,6,Agent
85,Nitara Sood,Peelamedu,7,Senior Agent
86,Arjun Sachdeva,Peelamedu,12,Senior Agent
87,Niharika Nagar,Saibaba Colony,11,Senior Agent
88,Yashica Reddy,Saibaba Colony,1,Junior Agent
89,Aarna Saraf,Saibaba Colony,6,Agent
90,Pahal Uppal,Saibaba Colony,6,Agent
91,Mugdha Wagle,Saibaba Colony,12,Senior Agent
92,Pushti Oak,Saibaba Colony,8,Senior Agent
93,Ira Gokhale,Saibaba Colony,2,Junior Agent
94,Urmi Dhaliwal,Saibaba Colony,9,Senior Agent
95,Raghav Nadkarni,Saibaba Colony,7,Senior Agent
96,Indira Banik,Saibaba Colony,3,Junior Agent
97,Udyati Parmer,Saibaba Colony,10,Senior Agent
98,Abeer Nair,Saibaba Colony,1,Junior Agent
99,Abha Manda,Saibaba Colony,4,Agent
100,Yatan Naik,Saibaba Colony,3,Junior Agent
101,Ekaraj Patla,Singanallur,6,Agent
102,Brinda Parekh,Singanallur,9,Senior Agent
103,Suhani Goda,Singanallur,7,Senior Agent
104,Pranav Kara,Singanallur,9,Senior Agent
105,Shivansh Nagy,Singanallur,1,Junior Agent
106,Darpan Kota,Singanallur,1,Junior Agent
107,Ronith Tiwari,Singanallur,10,Senior Agent
108,Harsh Lalla,Singanallur,5,Agent
109,Jeevika Sura,Singanallur,12,Senior Agent
110,Janya Gandhi,Singanallur,1,Junior Agent
111,Owen Ahuja,Singanallur,7,Senior Agent
112,Krish Doctor,Singanallur,11,Senior Agent
113,Forum Basak,Singanallur,11,Senior Agent
114,Gaurangi Bhatti,Singanallur,5,Agent
115,Tejas Natt,KK Nagar,9,Senior Agent
116,Raagini Rao,KK Nagar,5,Agent
117,Baghyawati Kibe,KK Nagar,12,Senior Agent
118,Ishwar Nigam,KK Nagar,5,Agent
119,Lakshmi Dar,KK Nagar,6,Agent
120,Darika Murthy,KK Nagar,11,Senior Agent
121,Anthony Uppal,KK Nagar,12,Senior Agent
122,Aditya Chand,KK Nagar,12,Senior Agent
123,Harish Parikh,KK Nagar,6,Agent
124,Zayyan Bhandari,KK Nagar,8,Senior Agent
125,Anthony Radhakrishnan,KK Nagar,3,Junior Agent
126,Waida Soman,KK Nagar,9,Senior Agent
127,Anvi Boase,KK Nagar,9,Senior Agent
128,Zilmil Bhatia,KK Nagar,4,Agent
129,Harinakshi Gola,Anna Nagar Madurai,10,Senior Agent
130,Reva Rau,Anna Nagar Madurai,1,Junior Agent
131,Hitesh Misra,Anna Nagar Madurai,10,Senior Agent
132,Hemani Chand,Anna Nagar Madurai,4,Agent
133,Bimala Tailor,Anna Nagar Madurai,3,Junior Agent
134,Henry Master,Anna Nagar Madurai,1,Junior Agent
135,Aashi Bali,Anna Nagar Madurai,3,Junior Agent
136,Zilmil Ratti,Anna Nagar Madurai,11,Senior Agent
137,Oscar Ranganathan,Anna Nagar Madurai,3,Junior Agent
138,Ekbal Ray,Anna Nagar Madurai,8,Senior Agent
139,Anusha Sura,Anna Nagar Madurai,6,Agent
140,Krishna Pathak,Anna Nagar Madurai,10,Senior Agent
141,Hitesh Menon,Anna Nagar Madurai,12,Senior Agent
142,Chandani Patla,Anna Nagar Madurai,11,Senior Agent
143,Henry Palla,Mattuthavani,9,Senior Agent
144,Abha Cherian,Mattuthavani,1,Junior Agent
145,Girish Saini,Mattuthavani,1,Junior Agent
146,Wishi Kalla,Mattuthavani,9,Senior Agent
147,Rohan Misra,Mattuthavani,1,Junior Agent
148,Nisha Rai,Mattuthavani,10,Senior Agent
149,Maanav Bumb,Mattuthavani,11,Senior Agent
150,Chakradev Mani,Mattuthavani,12,Senior Agent
151,Ati Mangat,Mattuthavani,2,Junior Agent
152,Keya Verma,Mattuthavani,5,Agent
153,Gopal Sibal,Mattuthavani,10,Senior Agent
154,Abha Agate,Thirunagar,10,Senior Agent
155,Urvashi Cheema,Thirunagar,2,Junior Agent
156,Megha Iyer,Thirunagar,6,Agent
157,Rajata Balakrishnan,Thirunagar,10,Senior Agent
158,Noah Palan,Thirunagar,8,Senior Agent
159,Mohini Balan,Thirunagar,5,Agent
160,Nitara Sha,Thirunagar,4,Agent
161,Kashish Talwar,Thirunagar,10,Senior Agent
162,Jasmit Sami,Thirunagar,7,Senior Agent
163,Sachi Agrawal,Thirunagar,1,Junior Agent
164,Sneha Dhar,Thirunagar,9,Senior Agent
165,Mekhala Bhasin,Thirunagar,9,Senior Agent
166,Ekani Dutta,Tallakulam,11,Senior Agent
167,Niharika Baria,Tallakulam,12,Senior Agent
168,Harinakshi Walia,Tallakulam,11,Senior Agent
169,Zayan Naidu,Tallakulam,6,Agent
170,Ishanvi Ray,Tallakulam,1,Junior Agent
171,Nirja Date,Tallakulam,4,Agent
172,Pavani Jani,Tallakulam,9,Senior Agent
173,Urvi Parekh,Tallakulam,3,Junior Agent
174,Urmi Borra,Tallakulam,5,Agent
175,Anya Bhatia,Tallakulam,7,Senior Agent
176,Anamika Kashyap,Tallakulam,8,Senior Agent
177,Daniel Deo,Tallakulam,5,Agent
178,Tanvi Bhatti,Tallakulam,2,Junior Agent
179,Zaitra Kannan,Fairlands,2,Junior Agent
180,Rohan Sanghvi,Fairlands,5,Agent
181,Yamini Sarna,Fairlands,6,Agent
182,Tanmayi Chatterjee,Fairlands,4,Agent
183,Samuel Ahluwalia,Fairlands,1,Junior Agent
184,Pranit Borra,Fairlands,3,Junior Agent
185,Darpan Halder,Fairlands,2,Junior Agent
186,Zashil Thaker,Fairlands,11,Senior Agent
187,Lila Shan,Fairlands,8,Senior Agent
188,Ryan Mani,Fairlands,1,Junior Agent
189,Aarav Mani,Fairlands,8,Senior Agent
190,Nihal Virk,Fairlands,7,Senior Agent
191,Hemangini Chander,Fairlands,9,Senior Agent
192,Nilima Dutta,Fairlands,1,Junior Agent
193,Abhimanyu Salvi,Fairlands,9,Senior Agent
194,Tanish Ahluwalia,Hasthampatti,9,Senior Agent
195,Saumya Patla,Hasthampatti,4,Agent
196,Ekta Chowdhury,Hasthampatti,8,Senior Agent
197,Shivansh Dayal,Hasthampatti,3,Junior Agent
198,Neha Tara,Hasthampatti,7,Senior Agent
199,Wridesh Wason,Hasthampatti,8,Senior Agent
200,Vedhika Choudhry,Hasthampatti,12,Senior Agent
201,Krisha Sarin,Hasthampatti,5,Agent
202,Idika Behl,Hasthampatti,12,Senior Agent
203,Rushil Srivastava,Hasthampatti,5,Agent
204,Mohini Nagarajan,Hasthampatti,5,Agent
205,Harsh Keer,Hasthampatti,1,Junior Agent
206,Wridesh Gaba,Hasthampatti,3,Junior Agent
207,Sai Jain,Ammapet,1,Junior Agent
208,Madhav Andra,Ammapet,10,Senior Agent
209,Avni Dugar,Ammapet,5,Agent
210,Dev Narang,Ammapet,12,Senior Agent
211,Ranveer Kaur,Ammapet,3,Junior Agent
212,Lucky Trivedi,Ammapet,4,Agent
213,Chatura Iyer,Ammapet,5,Agent
214,Chanchal Lall,Ammapet,4,Agent
215,Harshil Chandran,Ammapet,7,Senior Agent
216,Ranbir Jain,Ammapet,5,Agent
217,Onveer Puri,Suramangalam,4,Agent
218,Patrick Loyal,Suramangalam,9,Senior Agent
219,Veer Butala,Suramangalam,12,Senior Agent
220,Ishaan Naidu,Suramangalam,10,Senior Agent
221,Gavin Bhat,Suramangalam,8,Senior Agent
222,Anay Anand,Suramangalam,10,Senior Agent
223,Forum Gaba,Suramangalam,6,Agent
224,Mohini Srivastava,Suramangalam,3,Junior Agent
225,Garima Bhavsar,Suramangalam,7,Senior Agent
226,Omaja Chadha,Suramangalam,12,Senior Agent
227,Arya Mander,Omalur,12,Senior Agent
228,Manan Nath,Omalur,10,Senior Agent
229,Isaac Datta,Omalur,8,Senior Agent
230,Vincent Kaul,Omalur,5,Agent
231,Pooja Nori,Omalur,1,Junior Agent
232,Hemangini Gulati,Omalur,8,Senior Agent
233,Vasana De,Omalur,3,Junior Agent
234,Jackson Shroff,Omalur,9,Senior Agent
235,Dayamai Sen,Omalur,4,Agent
236,Xavier Kanda,Omalur,2,Junior Agent
237,Lucky Gill,Srirangam,5,Agent
238,Sai Munshi,Srirangam,9,Senior Agent
239,Dakshesh Gokhale,Srirangam,1,Junior Agent
240,Vasana Khosla,Srirangam,10,Senior Agent
241,Aarna Misra,Srirangam,9,Senior Agent
242,Simon Gade,Srirangam,5,Agent
243,Arya Chaudry,Srirangam,1,Junior Agent
244,Ekantika Ramaswamy,Srirangam,8,Senior Agent
245,Ishaan Kant,Srirangam,4,Agent
246,Saksham Nayar,Thillai Nagar,6,Agent
247,Theodore Badal,Thillai Nagar,7,Senior Agent
248,Sneha Hora,Thillai Nagar,5,Agent
249,Matthew Chowdhury,Thillai Nagar,11,Senior Agent
250,Naveen Kapur,Thillai Nagar,7,Senior Agent
251,Vritti Mody,Thillai Nagar,5,Agent
252,Vrishti Kumer,Thillai Nagar,5,Agent
253,Mohini Lanka,Thillai Nagar,2,Junior Agent
254,Vivaan Arya,Thillai Nagar,12,Senior Agent
255,Advik Mander,Thillai Nagar,2,Junior Agent
256,Vasatika Ramaswamy,Cantonment,10,Senior Agent
257,Anamika Dayal,Cantonment,4,Agent
258,Onveer Setty,Cantonment,7,Senior Agent
259,Saanvi Bhatnagar,Cantonment,2,Junior Agent
260,Nandini Sagar,Cantonment,6,Agent
261,Reva Gera,Cantonment,7,Senior Agent
262,Megha Saran,Cantonment,8,Senior Agent
263,Orinder Patel,Cantonment,6,Agent
264,Urmi Kalita,Cantonment,5,Agent
265,Aarush Varkey,Cantonment,10,Senior Agent
266,Chandresh Kurian,Cantonment,9,Senior Agent
267,Varenya Kamdar,Cantonment,7,Senior Agent
268,Nihal Varughese,Cantonment,5,Agent
269,Viraj Sane,Cantonment,3,Junior Agent
270,Turvi Basak,Cantonment,5,Agent
271,Ethan Dasgupta,Woraiyur,4,Agent
272,Yoshita Choudhary,Woraiyur,10,Senior Agent
273,Pushti Oak,Woraiyur,4,Agent
274,Tanish Amble,Woraiyur,10,Senior Agent
275,Omkaar Kurian,Woraiyur,12,Senior Agent
276,Manthan Choudhary,Woraiyur,12,Senior Agent
277,Ojasvi Ranganathan,Woraiyur,7,Senior Agent
278,Jacob Gour,Woraiyur,7,Senior Agent
279,Hemang D’Alia,Woraiyur,6,Agent
280,Parth Pillay,KK Nagar Trichy,5,Agent
281,Amol Gill,KK Nagar Trichy,10,Senior Agent
282,Indira Keer,KK Nagar Trichy,8,Senior Agent
283,Bishakha Balasubramanian,KK Nagar Trichy,5,Agent
284,Wyatt Venkataraman,KK Nagar Trichy,3,Junior Agent
285,Chakradev Narayanan,KK Nagar Trichy,10,Senior Agent
286,Vrishti Sekhon,KK Nagar Trichy,7,Senior Agent
287,Pavani Kamdar,KK Nagar Trichy,6,Agent
288,Bina Nagar,KK Nagar Trichy,10,Senior Agent
289,Hemal Mukherjee,KK Nagar Trichy,1,Junior Agent
290,Anvi Madan,KK Nagar Trichy,11,Senior Agent
